11/1/2017 23:58:00	6783.69
11/2/2017 23:58:00	7039.98
11/3/2017 23:58:00	7170.01
11/4/2017 23:58:00	7412.55
11/5/2017 23:58:00	7392
11/6/2017 23:58:00	6969.76
11/7/2017 23:58:00	7126.63
11/8/2017 23:58:00	7467.96
11/9/2017 23:58:00	7156
11/10/2017 23:58:00	6577.62
11/11/2017 23:58:00	6346.7
11/12/2017 23:58:00	5886.35
11/13/2017 23:58:00	6535.87
11/14/2017 23:58:00	6605
11/15/2017 23:58:00	7294
11/16/2017 23:58:00	7838.53
11/17/2017 23:58:00	7714.71
11/18/2017 23:58:00	7777.01
11/19/2017 23:58:00	8031.82
11/20/2017 23:58:00	8256.01
11/21/2017 23:58:00	8109
11/22/2017 23:58:00	8250
11/23/2017 23:58:00	8031.16
11/24/2017 23:58:00	8215.01
11/25/2017 23:58:00	8795.5
11/26/2017 23:58:00	9401.11
11/27/2017 23:58:00	9768.71
11/28/2017 23:58:00	9949
11/29/2017 23:58:00	9935.98
11/30/2017 23:58:00	9903
12/1/2017 23:58:00	10869.84
12/2/2017 23:58:00	10930.24
12/3/2017 23:58:00	11290
12/4/2017 23:58:00	11643.98
12/5/2017 23:58:00	11718.35
12/6/2017 23:58:00	14090
12/7/2017 23:58:00	17390.01
12/8/2017 23:58:00	16367.03
12/9/2017 23:58:00	15309.98
12/10/2017 23:58:00	15290.01
12/11/2017 23:58:00	16885.76
12/12/2017 23:58:00	17730.12
12/13/2017 23:58:00	16689.61
12/14/2017 23:58:00	16749.78
12/15/2017 23:58:00	17738.67
12/16/2017 23:58:00	19650.01
12/17/2017 23:58:00	19378.99
12/18/2017 23:58:00	19039.01
12/19/2017 23:58:00	17838.73
12/20/2017 23:58:00	16496.89
12/21/2017 23:58:00	15758.8
12/22/2017 23:58:00	14210.57
12/23/2017 23:58:00	15075.89
12/24/2017 23:58:00	14221.94
12/25/2017 23:58:00	14171.98
12/26/2017 23:58:00	15790.88
12/27/2017 23:58:00	15367.08
12/28/2017 23:58:00	14450.01
12/29/2017 23:58:00	14565.05
12/30/2017 23:58:00	12839.99
12/31/2017 23:58:00	13863.13
1/1/2018 23:58:00	13480.01
1/2/2018 23:58:00	14781.51
1/3/2018 23:58:00	15098.14
1/4/2018 23:58:00	15144.99
1/5/2018 23:58:00	16960.01
1/6/2018 23:58:00	17098.99
1/7/2018 23:58:00	16174.22
1/8/2018 23:58:00	14993.74
1/9/2018 23:58:00	14480.99
1/10/2018 23:58:00	14875.18
1/11/2018 23:58:00	13308.06
1/12/2018 23:58:00	13820
1/13/2018 23:58:00	14187.95
1/14/2018 23:58:00	13656.23
1/15/2018 23:58:00	13590
1/16/2018 23:58:00	11570.01
1/17/2018 23:58:00	11200.01
1/18/2018 23:58:00	11305.53
1/19/2018 23:58:00	11498.99
1/20/2018 23:58:00	12762.8
1/21/2018 23:58:00	11518.17
1/22/2018 23:58:00	10766.7
1/23/2018 23:58:00	10824.94
1/24/2018 23:58:00	11356.79
1/25/2018 23:58:00	11118
1/26/2018 23:58:00	11086.89
1/27/2018 23:58:00	11319
1/28/2018 23:58:00	11536
1/29/2018 23:58:00	11123.01
1/30/2018 23:58:00	9995
1/31/2018 23:58:00	10099.99
2/1/2018 23:58:00	9014.23
2/2/2018 23:58:00	8787.52
2/3/2018 23:58:00	9240
2/4/2018 23:58:00	8167.91
2/5/2018 23:58:00	6905.19
2/6/2018 23:58:00	7688.46
2/7/2018 23:58:00	7575.75
2/8/2018 23:58:00	8218.1
2/9/2018 23:58:00	8671.01
2/10/2018 23:58:00	8547.49
2/11/2018 23:58:00	8072.99
2/12/2018 23:58:00	8872.28
2/13/2018 23:58:00	8520.01
2/14/2018 23:58:00	9472.98
2/15/2018 23:58:00	10031.23
2/16/2018 23:58:00	10167.49
2/17/2018 23:58:00	11121.5
2/18/2018 23:58:00	10380.04
2/19/2018 23:58:00	11140
2/20/2018 23:58:00	11235.57
2/21/2018 23:58:00	10454.27
2/22/2018 23:58:00	9830
2/23/2018 23:58:00	10144.99
2/24/2018 23:58:00	9688.62
2/25/2018 23:58:00	9597.99
2/26/2018 23:58:00	10300
2/27/2018 23:58:00	10566.57
2/28/2018 23:58:00	10307.27
3/1/2018 23:58:00	10895.92
3/2/2018 23:58:00	11000
3/3/2018 23:58:00	11432.5
3/4/2018 23:58:00	11469.9
3/5/2018 23:58:00	11377.54
3/6/2018 23:58:00	10700
3/7/2018 23:58:00	9925
3/8/2018 23:58:00	9304.89
3/9/2018 23:58:00	9255
3/10/2018 23:58:00	8795.44
3/11/2018 23:58:00	9533.88
3/12/2018 23:58:00	9120
3/13/2018 23:58:00	9145.41
3/14/2018 23:58:00	8207.02
3/15/2018 23:58:00	8259.99
3/16/2018 23:58:00	8275
3/17/2018 23:58:00	7857.6
3/18/2018 23:58:00	8192
3/19/2018 23:58:00	8589
3/20/2018 23:58:00	8900
3/21/2018 23:58:00	8891.81
3/22/2018 23:58:00	8715.09
3/23/2018 23:58:00	8927.1
3/24/2018 23:58:00	8531.34
3/25/2018 23:58:00	8453
3/26/2018 23:58:00	8145
3/27/2018 23:58:00	7793.61
3/28/2018 23:58:00	7942.72
3/29/2018 23:58:00	7080
3/30/2018 23:58:00	6848.01
3/31/2018 23:58:00	6928.5
4/1/2018 23:58:00	6816.01
4/2/2018 23:58:00	7045.01
4/3/2018 23:58:00	7424.9
4/4/2018 23:58:00	6791.68
4/5/2018 23:58:00	6785.85
4/6/2018 23:58:00	6619.01
4/7/2018 23:58:00	6894.01
4/8/2018 23:58:00	7020.01
4/9/2018 23:58:00	6771.13
4/10/2018 23:58:00	6824.99
4/11/2018 23:58:00	6942.99
4/12/2018 23:58:00	7916
4/13/2018 23:58:00	7893.19
4/14/2018 23:58:00	8003.11
4/15/2018 23:58:00	8355.25
4/16/2018 23:58:00	8048.93
4/17/2018 23:58:00	7892.1
4/18/2018 23:58:00	8152.05
4/19/2018 23:58:00	8274
4/20/2018 23:58:00	8866.27
4/21/2018 23:58:00	8915.42
4/22/2018 23:58:00	8795.01
4/23/2018 23:58:00	8931.3
4/24/2018 23:58:00	9645.1
4/25/2018 23:58:00	8865.98
4/26/2018 23:58:00	9272.11
4/27/2018 23:58:00	8922.55
4/28/2018 23:58:00	9329.99
4/29/2018 23:58:00	9389.01
4/30/2018 23:58:00	9243.83
5/1/2018 23:58:00	9072.29
5/2/2018 23:58:00	9190.48
5/3/2018 23:58:00	9725.74
5/4/2018 23:58:00	9685
5/5/2018 23:58:00	9800
5/6/2018 23:58:00	9600
5/7/2018 23:58:00	9353
5/8/2018 23:58:00	9177.82
5/9/2018 23:58:00	9300.08
5/10/2018 23:58:00	9010.51
5/11/2018 23:58:00	8403.33
5/12/2018 23:58:00	8475
5/13/2018 23:58:00	8686.1
5/14/2018 23:58:00	8670
5/15/2018 23:58:00	8477.46
5/16/2018 23:58:00	8344
5/17/2018 23:58:00	8059
5/18/2018 23:58:00	8238.51
5/19/2018 23:58:00	8235.6
5/20/2018 23:58:00	8516.86
5/21/2018 23:58:00	8393.44
5/22/2018 23:58:00	7987.7
5/23/2018 23:58:00	7505
5/24/2018 23:58:00	7584.15
5/25/2018 23:58:00	7459.11
5/26/2018 23:58:00	7337.95
5/27/2018 23:58:00	7346.64
5/28/2018 23:58:00	7107.94
5/29/2018 23:58:00	7460
5/30/2018 23:58:00	7380.01
5/31/2018 23:58:00	7485
6/1/2018 23:58:00	7514.32
6/2/2018 23:58:00	7636.42
6/3/2018 23:58:00	7706.37
6/4/2018 23:58:00	7487.37
6/5/2018 23:58:00	7612.51
6/6/2018 23:58:00	7655
6/7/2018 23:58:00	7684.93
6/8/2018 23:58:00	7618.8
6/9/2018 23:58:00	7496.4
6/10/2018 23:58:00	6770.31
6/11/2018 23:58:00	6881
6/12/2018 23:58:00	6545
6/13/2018 23:58:00	6302.31
6/14/2018 23:58:00	6638.49
6/15/2018 23:58:00	6391.22
6/16/2018 23:58:00	6484.29
6/17/2018 23:58:00	6447.16
6/18/2018 23:58:00	6709.02
6/19/2018 23:58:00	6736.41
6/20/2018 23:58:00	6759.18
6/21/2018 23:58:00	6719.01
6/22/2018 23:58:00	6059.82
6/23/2018 23:58:00	6178.29
6/24/2018 23:58:00	6149.99
6/25/2018 23:58:00	6246.01
6/26/2018 23:58:00	6074
6/27/2018 23:58:00	6132.17
6/28/2018 23:58:00	5851.66
6/29/2018 23:58:00	6202.36
6/30/2018 23:58:00	6383.19
7/1/2018 23:58:00	6349.5
7/2/2018 23:58:00	6611.79
7/3/2018 23:58:00	6502.62
7/4/2018 23:58:00	6587.47
7/5/2018 23:58:00	6532.95
7/6/2018 23:58:00	6600
7/7/2018 23:58:00	6753.28
7/8/2018 23:58:00	6701.97
7/9/2018 23:58:00	6664.01
7/10/2018 23:58:00	6303.7
7/11/2018 23:58:00	6390.04
7/12/2018 23:58:00	6249.75
7/13/2018 23:58:00	6216.29
7/14/2018 23:58:00	6248.65
7/15/2018 23:58:00	6348.73
7/16/2018 23:58:00	6728.81
7/17/2018 23:58:00	7315.01
7/18/2018 23:58:00	7378.99
7/19/2018 23:58:00	7470.01
7/20/2018 23:58:00	7334.46
7/21/2018 23:58:00	7408
7/22/2018 23:58:00	7397.8
7/23/2018 23:58:00	7720.09
7/24/2018 23:58:00	8385.5
7/25/2018 23:58:00	8157.15
7/26/2018 23:58:00	7931.99
7/27/2018 23:58:00	8184.21
7/28/2018 23:58:00	8228.9
7/29/2018 23:58:00	8216.34
7/30/2018 23:58:00	8170.01
7/31/2018 23:58:00	7727.27
8/1/2018 23:58:00	7603.99
8/2/2018 23:58:00	7533.92
8/3/2018 23:58:00	7414.08
8/4/2018 23:58:00	7005
8/5/2018 23:58:00	7030.01
8/6/2018 23:58:00	6938
8/7/2018 23:58:00	6718.22
8/8/2018 23:58:00	6282.5
8/9/2018 23:58:00	6546.45
8/10/2018 23:58:00	6146.01
8/11/2018 23:58:00	6235.56
8/12/2018 23:58:00	6316.01
8/13/2018 23:58:00	6253.67
8/14/2018 23:58:00	6195.01
8/15/2018 23:58:00	6269.01
8/16/2018 23:58:00	6315.9
8/17/2018 23:58:00	6585.49
8/18/2018 23:58:00	6396.64
8/19/2018 23:58:00	6489.53
8/20/2018 23:58:00	6258.74
8/21/2018 23:58:00	6475.89
8/22/2018 23:58:00	6359.99
8/23/2018 23:58:00	6526.36
8/24/2018 23:58:00	6690.88
8/25/2018 23:58:00	6737.52
8/26/2018 23:58:00	6709.98
8/27/2018 23:58:00	6911.9
8/28/2018 23:58:00	7071.01
8/29/2018 23:58:00	7030.9
8/30/2018 23:58:00	6983
8/31/2018 23:58:00	7015.01
9/1/2018 23:58:00	7191.08
9/2/2018 23:58:00	7295
9/3/2018 23:58:00	7256.98
9/4/2018 23:58:00	7360
9/5/2018 23:58:00	6687.96
9/6/2018 23:58:00	6495
9/7/2018 23:58:00	6395.01
9/8/2018 23:58:00	6188
9/9/2018 23:58:00	6235.01
9/10/2018 23:58:00	6300
9/11/2018 23:58:00	6282.53
9/12/2018 23:58:00	6326
9/13/2018 23:58:00	6485.99
9/14/2018 23:58:00	6478.04
9/15/2018 23:58:00	6518.68
9/16/2018 23:58:00	6498
9/17/2018 23:58:00	6250.7
9/18/2018 23:58:00	6335.7
9/19/2018 23:58:00	6386.94
9/20/2018 23:58:00	6493.11
9/21/2018 23:58:00	6750
9/22/2018 23:58:00	6707.33
9/23/2018 23:58:00	6696.99
9/24/2018 23:58:00	6582.09
9/25/2018 23:58:00	6436.89
9/26/2018 23:58:00	6455.66
9/27/2018 23:58:00	6680.01
9/28/2018 23:58:00	6620.01
9/29/2018 23:58:00	6581
9/30/2018 23:58:00	6605
10/1/2018 23:58:00	6572.83
10/2/2018 23:58:00	6498.46
10/3/2018 23:58:00	6466.03
10/4/2018 23:58:00	6547.45
10/5/2018 23:58:00	6593.94
10/6/2018 23:58:00	6552.43
10/7/2018 23:58:00	6570
10/8/2018 23:58:00	6608.07
10/9/2018 23:58:00	6589.48
10/10/2018 23:58:00	6524.56
10/11/2018 23:58:00	6154.69
10/12/2018 23:58:00	6188.01
10/13/2018 23:58:00	6196
10/14/2018 23:58:00	6183.49
10/15/2018 23:58:00	6440.42
10/16/2018 23:58:00	6457.11
10/17/2018 23:58:00	6443.7
10/18/2018 23:58:00	6394.96
10/19/2018 23:58:00	6382.99
10/20/2018 23:58:00	6414
10/21/2018 23:58:00	6415.88
10/22/2018 23:58:00	6407.65
10/23/2018 23:58:00	6395.14
10/24/2018 23:58:00	6415.98
10/25/2018 23:58:00	6395.58
10/26/2018 23:58:00	6404.87
10/27/2018 23:58:00	6409.12
10/28/2018 23:58:00	6403.62
10/29/2018 23:58:00	6266
10/30/2018 23:58:00	6267.63
10/31/2018 23:58:00	6304.18
11/1/2018 23:58:00	6344
11/2/2018 23:58:00	6349.8
11/3/2018 23:58:00	6331.96
11/4/2018 23:58:00	6423.28
11/5/2018 23:58:00	6404
11/6/2018 23:58:00	6448.5
11/7/2018 23:58:00	6503.12
11/8/2018 23:58:00	6406.24
11/9/2018 23:58:00	6334.89
11/10/2018 23:58:00	6347.42
11/11/2018 23:58:00	6357.6
11/12/2018 23:58:00	6327.87
11/13/2018 23:58:00	6259.34
11/14/2018 23:58:00	5605.46
11/15/2018 23:58:00	5579.52
11/16/2018 23:58:00	5512.24
11/17/2018 23:58:00	5504.17
11/18/2018 23:58:00	5560
11/19/2018 23:58:00	4733.5
11/20/2018 23:58:00	4349.23
11/21/2018 23:58:00	4545.11
11/22/2018 23:58:00	4265.36
11/23/2018 23:58:00	4283.8
11/24/2018 23:58:00	3774.99
11/25/2018 23:58:00	3936.69
11/26/2018 23:58:00	3731.32
11/27/2018 23:58:00	3775
11/28/2018 23:58:00	4225.03
11/29/2018 23:58:00	4248
11/30/2018 23:58:00	3976
12/1/2018 23:58:00	4142.01
12/2/2018 23:58:00	4103.19
12/3/2018 23:58:00	3833.47
12/4/2018 23:58:00	3901.84
12/5/2018 23:58:00	3694.39
12/6/2018 23:58:00	3433.26
12/7/2018 23:58:00	3380.01
12/8/2018 23:58:00	3401
12/9/2018 23:58:00	3531.18
12/10/2018 23:58:00	3410.15
12/11/2018 23:58:00	3349.36
12/12/2018 23:58:00	3430.24
12/13/2018 23:58:00	3265
12/14/2018 23:58:00	3195.71
12/15/2018 23:58:00	3183
12/16/2018 23:58:00	3195
12/17/2018 23:58:00	3496.82
12/18/2018 23:58:00	3667.77
12/19/2018 23:58:00	3682.51
12/20/2018 23:58:00	4075.34
12/21/2018 23:58:00	3839.06
12/22/2018 23:58:00	3980.46
12/23/2018 23:58:00	3944.93
12/24/2018 23:58:00	4034
12/25/2018 23:58:00	3780
12/26/2018 23:58:00	3809.88
12/27/2018 23:58:00	3589.89
12/28/2018 23:58:00	3888.06
12/29/2018 23:58:00	3729.31
12/30/2018 23:58:00	3829
12/31/2018 23:58:00	3691.86
1/1/2019 23:58:00	3826.1
1/2/2019 23:58:00	3890.79
1/3/2019 23:58:00	3787.57
1/4/2019 23:58:00	3820.25
1/5/2019 23:58:00	3798.62
1/6/2019 23:58:00	4040.99
1/7/2019 23:58:00	4006.01
1/8/2019 23:58:00	3993.86
1/9/2019 23:58:00	4004.12
1/10/2019 23:58:00	3626.12
1/11/2019 23:58:00	3635.69
1/12/2019 23:58:00	3619.41
1/13/2019 23:58:00	3514.24
1/14/2019 23:58:00	3664.19
1/15/2019 23:58:00	3580.76
1/16/2019 23:58:00	3609.71
1/17/2019 23:58:00	3640.65
1/18/2019 23:58:00	3607.85
1/19/2019 23:58:00	3682.65
1/20/2019 23:58:00	3536.19
1/21/2019 23:58:00	3531.76
1/22/2019 23:58:00	3577.03
1/23/2019 23:58:00	3553.01
1/24/2019 23:58:00	3568.97
1/25/2019 23:58:00	3562.17
1/26/2019 23:58:00	3556.07
1/27/2019 23:58:00	3531.02
1/28/2019 23:58:00	3429.95
1/29/2019 23:58:00	3397.42
1/30/2019 23:58:00	3437.55
1/31/2019 23:58:00	3411.5
2/1/2019 23:58:00	3437.5
2/2/2019 23:58:00	3468.43
2/3/2019 23:58:00	3414.78
2/4/2019 23:58:00	3409.57
2/5/2019 23:58:00	3428.4
2/6/2019 23:58:00	3367.36
2/7/2019 23:58:00	3359
2/8/2019 23:58:00	3621.99
2/9/2019 23:58:00	3623.73
2/10/2019 23:58:00	3648.84
2/11/2019 23:58:00	3590.36
2/12/2019 23:58:00	3588.06
2/13/2019 23:58:00	3576.68
2/14/2019 23:58:00	3561.5
2/15/2019 23:58:00	3566.59
2/16/2019 23:58:00	3582.37
2/17/2019 23:58:00	3625.08
2/18/2019 23:58:00	3867
2/19/2019 23:58:00	3888.01
2/20/2019 23:58:00	3938.99
2/21/2019 23:58:00	3897.71
2/22/2019 23:58:00	3942.02
2/23/2019 23:58:00	4110
2/24/2019 23:58:00	3734.22
2/25/2019 23:58:00	3818.79
2/26/2019 23:58:00	3799.48
2/27/2019 23:58:00	3799.91
2/28/2019 23:58:00	3792.14
3/1/2019 23:58:00	3806.17
3/2/2019 23:58:00	3809.7
3/3/2019 23:58:00	3786.93
3/4/2019 23:58:00	3700.72
3/5/2019 23:58:00	3844.59
3/6/2019 23:58:00	3851.89
3/7/2019 23:58:00	3857.05
3/8/2019 23:58:00	3843.12
3/9/2019 23:58:00	3917
3/10/2019 23:58:00	3900.92
3/11/2019 23:58:00	3849.68
3/12/2019 23:58:00	3860
3/13/2019 23:58:00	3851.02
3/14/2019 23:58:00	3853.95
3/15/2019 23:58:00	3902.8
3/16/2019 23:58:00	3990
3/17/2019 23:58:00	3967.01
3/18/2019 23:58:00	3970.5
3/19/2019 23:58:00	4000.85
3/20/2019 23:58:00	4033
3/21/2019 23:58:00	3972.76
3/22/2019 23:58:00	3983.78
3/23/2019 23:58:00	3983.43
3/24/2019 23:58:00	3969.52
3/25/2019 23:58:00	3908.01
3/26/2019 23:58:00	3922.42
3/27/2019 23:58:00	4026.53
3/28/2019 23:58:00	4011.17
3/29/2019 23:58:00	4091.01
3/30/2019 23:58:00	4094.14
3/31/2019 23:58:00	4095
4/1/2019 23:58:00	4137.01
4/2/2019 23:58:00	4901.93
4/3/2019 23:58:00	4975.07
4/4/2019 23:58:00	4906.49
4/5/2019 23:58:00	5040.66
4/6/2019 23:58:00	5049.22
4/7/2019 23:58:00	5190.2
4/8/2019 23:58:00	5285.54
4/9/2019 23:58:00	5193.49
4/10/2019 23:58:00	5320.81
4/11/2019 23:58:00	5041.32
4/12/2019 23:58:00	5078.18
4/13/2019 23:58:00	5066.22
4/14/2019 23:58:00	5164
4/15/2019 23:58:00	5029.99
4/16/2019 23:58:00	5204.92
4/17/2019 23:58:00	5227
4/18/2019 23:58:00	5282.32
4/19/2019 23:58:00	5290.36
4/20/2019 23:58:00	5319.89
4/21/2019 23:58:00	5297.64
4/22/2019 23:58:00	5387.6
4/23/2019 23:58:00	5532.85
4/24/2019 23:58:00	5443.14
4/25/2019 23:58:00	5125.3
4/26/2019 23:58:00	5159.51
4/27/2019 23:58:00	5170.6
4/28/2019 23:58:00	5155
4/29/2019 23:58:00	5148.25
4/30/2019 23:58:00	5267.43
5/1/2019 23:58:00	5321.15
5/2/2019 23:58:00	5390.01
5/3/2019 23:58:00	5657.4
5/4/2019 23:58:00	5770.01
5/5/2019 23:58:00	5715.86
5/6/2019 23:58:00	5687.9
5/7/2019 23:58:00	5743.3
5/8/2019 23:58:00	5943.6
5/9/2019 23:58:00	6153.09
5/10/2019 23:58:00	6343.14
5/11/2019 23:58:00	7223.21
5/12/2019 23:58:00	6979.76
5/13/2019 23:58:00	7825.41
5/14/2019 23:58:00	7990.92
5/15/2019 23:58:00	8204.24
5/16/2019 23:58:00	7878.96
5/17/2019 23:58:00	7361.1
5/18/2019 23:58:00	7262.4
5/19/2019 23:58:00	8196.59
5/20/2019 23:58:00	7999.54
5/21/2019 23:58:00	7951.7
5/22/2019 23:58:00	7626.48
5/23/2019 23:58:00	7881.98
5/24/2019 23:58:00	8002.21
5/25/2019 23:58:00	8063.81
5/26/2019 23:58:00	8731.96
5/27/2019 23:58:00	8768.62
5/28/2019 23:58:00	8715.36
5/29/2019 23:58:00	8662.44
5/30/2019 23:58:00	8279.69
5/31/2019 23:58:00	8566.04
6/1/2019 23:58:00	8558.95
6/2/2019 23:58:00	8736.54
6/3/2019 23:58:00	8107.96
6/4/2019 23:58:00	7670.96
6/5/2019 23:58:00	7789.48
6/6/2019 23:58:00	7802.57
6/7/2019 23:58:00	7998.13
6/8/2019 23:58:00	7930.14
6/9/2019 23:58:00	7635.06
6/10/2019 23:58:00	8015.69
6/11/2019 23:58:00	7918.17
6/12/2019 23:58:00	8176.02
6/13/2019 23:58:00	8239.04
6/14/2019 23:58:00	8697.45
6/15/2019 23:58:00	8860.23
6/16/2019 23:58:00	8978.66
6/17/2019 23:58:00	9331.75
6/18/2019 23:58:00	9071.95
6/19/2019 23:58:00	9277.29
6/20/2019 23:58:00	9531.21
6/21/2019 23:58:00	10220
6/22/2019 23:58:00	10666.8
6/23/2019 23:58:00	10833
6/24/2019 23:58:00	11032.3
6/25/2019 23:58:00	11755.5
6/26/2019 23:58:00	12927.4
6/27/2019 23:58:00	11159.2
6/28/2019 23:58:00	12360.4
6/29/2019 23:58:00	11865.2
6/30/2019 23:58:00	10760.1
7/1/2019 23:58:00	10577.6
7/2/2019 23:58:00	10829.1
7/3/2019 23:58:00	11976
7/4/2019 23:58:00	11137.8
7/5/2019 23:58:00	11004.5
7/6/2019 23:58:00	11237.7
7/7/2019 23:58:00	11474.4
7/8/2019 23:58:00	12293.5
7/9/2019 23:58:00	12561
7/10/2019 23:58:00	12097.9
7/11/2019 23:58:00	11349
7/12/2019 23:58:00	11802
7/13/2019 23:58:00	11370.1
7/14/2019 23:58:00	10195.6
7/15/2019 23:58:00	10854.4
7/16/2019 23:58:00	9422.71
7/17/2019 23:58:00	9696.31
7/18/2019 23:58:00	10651.4
7/19/2019 23:58:00	10518.5
7/20/2019 23:58:00	10761
7/21/2019 23:58:00	10590.7
7/22/2019 23:58:00	10323.3
7/23/2019 23:58:00	9840.12
7/24/2019 23:58:00	9767.87
7/25/2019 23:58:00	9883.34
7/26/2019 23:58:00	9843
7/27/2019 23:58:00	9479.98
7/28/2019 23:58:00	9532.99
7/29/2019 23:58:00	9495
7/30/2019 23:58:00	9589.01
7/31/2019 23:58:00	10086.3
8/1/2019 23:58:00	10405.9
8/2/2019 23:58:00	10533
8/3/2019 23:58:00	10820.7
8/4/2019 23:58:00	10977.5
8/5/2019 23:58:00	11819.4
8/6/2019 23:58:00	11465.4
8/7/2019 23:58:00	11983.7
8/8/2019 23:58:00	11982.4
8/9/2019 23:58:00	11856.1
8/10/2019 23:58:00	11280.9
8/11/2019 23:58:00	11540.7
8/12/2019 23:58:00	11389.3
8/13/2019 23:58:00	10868.5
8/14/2019 23:58:00	9971.71
8/15/2019 23:58:00	10300
8/16/2019 23:58:00	10352.7
8/17/2019 23:58:00	10215.2
8/18/2019 23:58:00	10315.4
8/19/2019 23:58:00	10920
8/20/2019 23:58:00	10769
8/21/2019 23:58:00	10130
8/22/2019 23:58:00	10107.1
8/23/2019 23:58:00	10410.8
8/24/2019 23:58:00	10147.9
8/25/2019 23:58:00	10140.9
8/26/2019 23:58:00	10361.6
8/27/2019 23:58:00	10171.8
8/28/2019 23:58:00	9714.31
8/29/2019 23:58:00	9495
8/30/2019 23:58:00	9582.42
8/31/2019 23:58:00	9600.86
9/1/2019 23:58:00	9766.52
9/2/2019 23:58:00	10381.2
9/3/2019 23:58:00	10628.4
9/4/2019 23:58:00	10582.2
9/5/2019 23:58:00	10574.7
9/6/2019 23:58:00	10306.9
9/7/2019 23:58:00	10484.3
9/8/2019 23:58:00	10398.9
9/9/2019 23:58:00	10310
9/10/2019 23:58:00	10084.1
9/11/2019 23:58:00	10160.2
9/12/2019 23:58:00	10423.7
9/13/2019 23:58:00	10367.4
9/14/2019 23:58:00	10360.2
9/15/2019 23:58:00	10304.4
9/16/2019 23:58:00	10262.5
9/17/2019 23:58:00	10185.3
9/18/2019 23:58:00	10155.2
9/19/2019 23:58:00	10287.7
9/20/2019 23:58:00	10168.8
9/21/2019 23:58:00	9975.12
9/22/2019 23:58:00	10026.8
9/23/2019 23:58:00	9693.75
9/24/2019 23:58:00	8530.01
9/25/2019 23:58:00	8438.35
9/26/2019 23:58:00	8068.2
9/27/2019 23:58:00	8193.99
9/28/2019 23:58:00	8217.46
9/29/2019 23:58:00	8052.4
9/30/2019 23:58:00	8304.95
10/1/2019 23:58:00	8322.73
10/2/2019 23:58:00	8381.71
10/3/2019 23:58:00	8240.41
10/4/2019 23:58:00	8156.67
10/5/2019 23:58:00	8147.63
10/6/2019 23:58:00	7859.79
10/7/2019 23:58:00	8209
10/8/2019 23:58:00	8180
10/9/2019 23:58:00	8590.01
10/10/2019 23:58:00	8587.5
10/11/2019 23:58:00	8267.33
10/12/2019 23:58:00	8309.03
10/13/2019 23:58:00	8282.96
10/14/2019 23:58:00	8355
10/15/2019 23:58:00	8162.44
10/16/2019 23:58:00	7993.54
10/17/2019 23:58:00	8076.2
10/18/2019 23:58:00	7954.16
10/19/2019 23:58:00	7965.28
10/20/2019 23:58:00	8236.04
10/21/2019 23:58:00	8209.92
10/22/2019 23:58:00	8024.72
10/23/2019 23:58:00	7474.85
10/24/2019 23:58:00	7430.87
10/25/2019 23:58:00	8668
10/26/2019 23:58:00	9259.78
10/27/2019 23:58:00	9548.84
10/28/2019 23:58:00	9219.94
10/29/2019 23:58:00	9430.79
10/30/2019 23:58:00	9164.45
10/31/2019 23:58:00	9159.48
11/1/2019 23:58:00	9253.12
11/2/2019 23:58:00	9308.51
11/3/2019 23:58:00	9206.52
11/4/2019 23:58:00	9412.53
11/5/2019 23:58:00	9309
11/6/2019 23:58:00	9341.27
11/7/2019 23:58:00	9205.76
11/8/2019 23:58:00	8763.01
11/9/2019 23:58:00	8810.76
11/10/2019 23:58:00	9038.2
11/11/2019 23:58:00	8721.54
11/12/2019 23:58:00	8795.77
11/13/2019 23:58:00	8758.34
11/14/2019 23:58:00	8635.01
11/15/2019 23:58:00	8457.48
11/16/2019 23:58:00	8480.79
11/17/2019 23:58:00	8500.01
11/18/2019 23:58:00	8168.84
11/19/2019 23:58:00	8123.36
11/20/2019 23:58:00	8082.96
11/21/2019 23:58:00	7616.46
11/22/2019 23:58:00	7298.18
11/23/2019 23:58:00	7330.98
11/24/2019 23:58:00	6908.64
11/25/2019 23:58:00	7127.01
11/26/2019 23:58:00	7172.15
11/27/2019 23:58:00	7523.72
11/28/2019 23:58:00	7432.12
11/29/2019 23:58:00	7760
11/30/2019 23:58:00	7551.99
12/1/2019 23:58:00	7404.27
12/2/2019 23:58:00	7305
12/3/2019 23:58:00	7298.2
12/4/2019 23:58:00	7213.61
12/5/2019 23:58:00	7394.99
12/6/2019 23:58:00	7540.87
12/7/2019 23:58:00	7500.03
12/8/2019 23:58:00	7529.21
12/9/2019 23:58:00	7341.49
12/10/2019 23:58:00	7226.98
12/11/2019 23:58:00	7194.13
12/12/2019 23:58:00	7189.41
12/13/2019 23:58:00	7248.23
12/14/2019 23:58:00	7071.01
12/15/2019 23:58:00	7112.63
12/16/2019 23:58:00	6884.75
12/17/2019 23:58:00	6615.8
12/18/2019 23:58:00	7294.81
12/19/2019 23:58:00	7150.01
12/20/2019 23:58:00	7182.77
12/21/2019 23:58:00	7143.01
12/22/2019 23:58:00	7515.3
12/23/2019 23:58:00	7323.21
12/24/2019 23:58:00	7232.76
12/25/2019 23:58:00	7195.81
12/26/2019 23:58:00	7195.96
12/27/2019 23:58:00	7240.4
12/28/2019 23:58:00	7300.42
12/29/2019 23:58:00	7389
12/30/2019 23:58:00	7220
12/31/2019 23:58:00	7177.36
1/1/2020 23:58:00	7177.57
1/2/2020 23:58:00	6946.33
1/3/2020 23:58:00	7308.09
1/4/2020 23:58:00	7347.49
1/5/2020 23:58:00	7342.49
1/6/2020 23:58:00	7770.88
1/7/2020 23:58:00	8168.44
1/8/2020 23:58:00	8045.51
1/9/2020 23:58:00	7813.78
1/10/2020 23:58:00	8170.27
1/11/2020 23:58:00	8021.84
1/12/2020 23:58:00	8165.21
1/13/2020 23:58:00	8104.5
1/14/2020 23:58:00	8822.71
1/15/2020 23:58:00	8808.81
1/16/2020 23:58:00	8714.76
1/17/2020 23:58:00	8899.42
1/18/2020 23:58:00	8909.32
1/19/2020 23:58:00	8697.53
1/20/2020 23:58:00	8619.52
1/21/2020 23:58:00	8722.03
1/22/2020 23:58:00	8653.84
1/23/2020 23:58:00	8385.21
1/24/2020 23:58:00	8427.26
1/25/2020 23:58:00	8326.81
1/26/2020 23:58:00	8595
1/27/2020 23:58:00	8895.95
1/28/2020 23:58:00	9394.5
1/29/2020 23:58:00	9290.62
1/30/2020 23:58:00	9503.08
1/31/2020 23:58:00	9334.98
2/1/2020 23:58:00	9382.65
2/2/2020 23:58:00	9323.5
2/3/2020 23:58:00	9290.23
2/4/2020 23:58:00	9164.33
2/5/2020 23:58:00	9613.82
2/6/2020 23:58:00	9763.01
2/7/2020 23:58:00	9808.04
2/8/2020 23:58:00	9905.64
2/9/2020 23:58:00	10168.8
2/10/2020 23:58:00	9851.78
2/11/2020 23:58:00	10270
2/12/2020 23:58:00	10351.1
2/13/2020 23:58:00	10236.4
2/14/2020 23:58:00	10371.3
2/15/2020 23:58:00	9911.21
2/16/2020 23:58:00	9921
2/17/2020 23:58:00	9700
2/18/2020 23:58:00	10188
2/19/2020 23:58:00	9600.08
2/20/2020 23:58:00	9622.89
2/21/2020 23:58:00	9700.35
2/22/2020 23:58:00	9668.23
2/23/2020 23:58:00	9966
2/24/2020 23:58:00	9660
2/25/2020 23:58:00	9304.99
2/26/2020 23:58:00	8778.29
2/27/2020 23:58:00	8812.49
2/28/2020 23:58:00	8708.89
2/29/2020 23:58:00	8556.58
3/1/2020 23:58:00	8522.33
3/2/2020 23:58:00	8915
3/3/2020 23:58:00	8757.84
3/4/2020 23:58:00	8760.66
3/5/2020 23:58:00	9060.93
3/6/2020 23:58:00	9145.77
3/7/2020 23:58:00	8901.37
3/8/2020 23:58:00	8033.54
3/9/2020 23:58:00	7934.52
3/10/2020 23:58:00	7884.87
3/11/2020 23:58:00	7938.05
3/12/2020 23:58:00	4857.1
3/13/2020 23:58:00	5637.6
3/14/2020 23:58:00	5165.25
3/15/2020 23:58:00	5342.64
3/16/2020 23:58:00	5024
3/17/2020 23:58:00	5331.72
3/18/2020 23:58:00	5413.64
3/19/2020 23:58:00	6186.95
3/20/2020 23:58:00	6201.61
3/21/2020 23:58:00	6198.78
3/22/2020 23:58:00	5834.78
3/23/2020 23:58:00	6499.12
3/24/2020 23:58:00	6766.65
3/25/2020 23:58:00	6690
3/26/2020 23:58:00	6759.85
3/27/2020 23:58:00	6372.36
3/28/2020 23:58:00	6251.82
3/29/2020 23:58:00	5902.05
3/30/2020 23:58:00	6406.4
3/31/2020 23:58:00	6445.67
4/1/2020 23:58:00	6664.85
4/2/2020 23:58:00	6805.12
4/3/2020 23:58:00	6741.99
4/4/2020 23:58:00	6874.77
4/5/2020 23:58:00	6794.49
4/6/2020 23:58:00	7341.56
4/7/2020 23:58:00	7209.62
4/8/2020 23:58:00	7370.11
4/9/2020 23:58:00	7293.24
4/10/2020 23:58:00	6871.91
4/11/2020 23:58:00	6889.65
4/12/2020 23:58:00	6908.13
4/13/2020 23:58:00	6861.21
4/14/2020 23:58:00	6877.37
4/15/2020 23:58:00	6624.12
4/16/2020 23:58:00	7112.78
4/17/2020 23:58:00	7036.25
4/18/2020 23:58:00	7254.33
4/19/2020 23:58:00	7130.71
4/20/2020 23:58:00	6838.19
4/21/2020 23:58:00	6853.68
4/22/2020 23:58:00	7136.84
4/23/2020 23:58:00	7472.45
4/24/2020 23:58:00	7508.67
4/25/2020 23:58:00	7543.29
4/26/2020 23:58:00	7692.05
4/27/2020 23:58:00	7785.73
4/28/2020 23:58:00	7758.4
4/29/2020 23:58:00	8780.01
4/30/2020 23:58:00	8624.28
5/1/2020 23:58:00	8829.42
5/2/2020 23:58:00	8985
5/3/2020 23:58:00	8905.49
5/4/2020 23:58:00	8883.53
5/5/2020 23:58:00	8989.4
5/6/2020 23:58:00	9157.11
5/7/2020 23:58:00	10000
5/8/2020 23:58:00	9810
5/9/2020 23:58:00	9558.85
5/10/2020 23:58:00	8741.86
5/11/2020 23:58:00	8601.4
5/12/2020 23:58:00	8796.25
5/13/2020 23:58:00	9318.04
5/14/2020 23:58:00	9799.12
5/15/2020 23:58:00	9312.1
5/16/2020 23:58:00	9383.16
5/17/2020 23:58:00	9666.27
5/18/2020 23:58:00	9728.52
5/19/2020 23:58:00	9776.57
5/20/2020 23:58:00	9516
5/21/2020 23:58:00	9058.71
5/22/2020 23:58:00	9168.84
5/23/2020 23:58:00	9177.95
5/24/2020 23:58:00	8714.4
5/25/2020 23:58:00	8899.31
5/26/2020 23:58:00	8844.42
5/27/2020 23:58:00	9208.53
5/28/2020 23:58:00	9561.26
5/29/2020 23:58:00	9427.01
5/30/2020 23:58:00	9689.12
5/31/2020 23:58:00	9446.57
6/1/2020 23:58:00	10210.1
6/2/2020 23:58:00	9522.45
6/3/2020 23:58:00	9655.62
6/4/2020 23:58:00	9788.03
6/5/2020 23:58:00	9624.99
6/6/2020 23:58:00	9660.75
6/7/2020 23:58:00	9744.14
6/8/2020 23:58:00	9783.37
6/9/2020 23:58:00	9763.79
6/10/2020 23:58:00	9896.56
6/11/2020 23:58:00	9268.16
6/12/2020 23:58:00	9454
6/13/2020 23:58:00	9475
6/14/2020 23:58:00	9333.45
6/15/2020 23:58:00	9427.86
6/16/2020 23:58:00	9526.25
6/17/2020 23:58:00	9457.51
6/18/2020 23:58:00	9382.01
6/19/2020 23:58:00	9279.4
6/20/2020 23:58:00	9355.74
6/21/2020 23:58:00	9286.14
6/22/2020 23:58:00	9697.17
6/23/2020 23:58:00	9623.56
6/24/2020 23:58:00	9274.04
6/25/2020 23:58:00	9244.77
6/26/2020 23:58:00	9155
6/27/2020 23:58:00	9002.51
6/28/2020 23:58:00	9124.04
6/29/2020 23:58:00	9184.45
6/30/2020 23:58:00	9136.2
7/1/2020 23:58:00	9239.96
7/2/2020 23:58:00	9091.53
7/3/2020 23:58:00	9063.87
7/4/2020 23:58:00	9134.23
7/5/2020 23:58:00	9073.49
7/6/2020 23:58:00	9343.18
7/7/2020 23:58:00	9253.94
7/8/2020 23:58:00	9435.28
7/9/2020 23:58:00	9237.32
7/10/2020 23:58:00	9289.81
7/11/2020 23:58:00	9235.21
7/12/2020 23:58:00	9292.6
7/13/2020 23:58:00	9242.31
7/14/2020 23:58:00	9256.94
7/15/2020 23:58:00	9190.16
7/16/2020 23:58:00	9130.11
7/17/2020 23:58:00	9152.64
7/18/2020 23:58:00	9175.85
7/19/2020 23:58:00	9214.74
7/20/2020 23:58:00	9163.75
7/21/2020 23:58:00	9392.79
7/22/2020 23:58:00	9535.99
7/23/2020 23:58:00	9613.24
7/24/2020 23:58:00	9543.79
7/25/2020 23:58:00	9696.19
7/26/2020 23:58:00	9941
7/27/2020 23:58:00	11020
7/28/2020 23:58:00	10923.9
7/29/2020 23:58:00	11098.8
7/30/2020 23:58:00	11119.6
7/31/2020 23:58:00	11342.5
8/1/2020 23:58:00	11810
8/2/2020 23:58:00	11068.5
8/3/2020 23:58:00	11252.4
8/4/2020 23:58:00	11197
8/5/2020 23:58:00	11756.7
8/6/2020 23:58:00	11773.8
8/7/2020 23:58:00	11606.5
8/8/2020 23:58:00	11774.9
8/9/2020 23:58:00	11688.4
8/10/2020 23:58:00	11876.2
8/11/2020 23:58:00	11388.9
8/12/2020 23:58:00	11571.6
8/13/2020 23:58:00	11788.4
8/14/2020 23:58:00	11767.5
8/15/2020 23:58:00	11859.2
8/16/2020 23:58:00	11907.7
8/17/2020 23:58:00	12305.5
8/18/2020 23:58:00	11950
8/19/2020 23:58:00	11747.7
8/20/2020 23:58:00	11864.2
8/21/2020 23:58:00	11507.2
8/22/2020 23:58:00	11684.5
8/23/2020 23:58:00	11650
8/24/2020 23:58:00	11753.8
8/25/2020 23:58:00	11324.9
8/26/2020 23:58:00	11463.2
8/27/2020 23:58:00	11329.1
8/28/2020 23:58:00	11535
8/29/2020 23:58:00	11474.3
8/30/2020 23:58:00	11716
8/31/2020 23:58:00	11655
9/1/2020 23:58:00	11929.8
9/2/2020 23:58:00	11405.6
9/3/2020 23:58:00	10264.1
9/4/2020 23:58:00	10483.5
9/5/2020 23:58:00	10168.3
9/6/2020 23:58:00	10257.8
9/7/2020 23:58:00	10375
9/8/2020 23:58:00	10125.6
9/9/2020 23:58:00	10216.4
9/10/2020 23:58:00	10344.2
9/11/2020 23:58:00	10383.9
9/12/2020 23:58:00	10445.2
9/13/2020 23:58:00	10323.3
9/14/2020 23:58:00	10671.4
9/15/2020 23:58:00	10783.7
9/16/2020 23:58:00	10959.6
9/17/2020 23:58:00	10943.6
9/18/2020 23:58:00	10937.5
9/19/2020 23:58:00	11080
9/20/2020 23:58:00	10920.8
9/21/2020 23:58:00	10414.4
9/22/2020 23:58:00	10532.8
9/23/2020 23:58:00	10235.1
9/24/2020 23:58:00	10740
9/25/2020 23:58:00	10690.5
9/26/2020 23:58:00	10735.6
9/27/2020 23:58:00	10770
9/28/2020 23:58:00	10695.5
9/29/2020 23:58:00	10840.4
9/30/2020 23:58:00	10779.6
10/1/2020 23:58:00	10612.4
10/2/2020 23:58:00	10573.1
10/3/2020 23:58:00	10551.6
10/4/2020 23:58:00	10671.1
10/5/2020 23:58:00	10795
10/6/2020 23:58:00	10606.1
10/7/2020 23:58:00	10670.4
10/8/2020 23:58:00	10906.3
10/9/2020 23:58:00	11067
10/10/2020 23:58:00	11302.9
10/11/2020 23:58:00	11381.7
10/12/2020 23:58:00	11535.4
10/13/2020 23:58:00	11429.9
10/14/2020 23:58:00	11427.7
10/15/2020 23:58:00	11500.1
10/16/2020 23:58:00	11328.9
10/17/2020 23:58:00	11367.8
10/18/2020 23:58:00	11514.2
10/19/2020 23:58:00	11760.4
10/20/2020 23:58:00	11923.8
10/21/2020 23:58:00	12844.4
10/22/2020 23:58:00	12986.8
10/23/2020 23:58:00	12937
10/24/2020 23:58:00	13128.3
10/25/2020 23:58:00	13041.6
10/26/2020 23:58:00	13085.1
10/27/2020 23:58:00	13793.7
10/28/2020 23:58:00	13285.8
10/29/2020 23:58:00	13456.5
10/30/2020 23:58:00	13571.2
10/31/2020 23:58:00	13803.2
11/1/2020 23:58:00	13748
11/2/2020 23:58:00	13562.7
11/3/2020 23:58:00	14035.8
11/4/2020 23:58:00	14161.4
11/5/2020 23:58:00	15608.2
11/6/2020 23:58:00	15599.9
11/7/2020 23:58:00	14834
11/8/2020 23:58:00	15502.9
11/9/2020 23:58:00	15317.6
11/10/2020 23:58:00	15315
11/11/2020 23:58:00	15701.3
11/12/2020 23:58:00	16276.6
11/13/2020 23:58:00	16333.8
11/14/2020 23:58:00	16082
11/15/2020 23:58:00	15979.5
11/16/2020 23:58:00	16743
11/17/2020 23:58:00	17686.6
11/18/2020 23:58:00	17845.5
11/19/2020 23:58:00	17842
11/20/2020 23:58:00	18656
11/21/2020 23:58:00	18718.8
11/22/2020 23:58:00	18426.2
11/23/2020 23:58:00	18398.9
11/24/2020 23:58:00	19129.3
11/25/2020 23:58:00	18769.4
11/26/2020 23:58:00	17076
11/27/2020 23:58:00	17153.9
11/28/2020 23:58:00	17723.5
11/29/2020 23:58:00	18190
11/30/2020 23:58:00	19684
12/1/2020 23:58:00	18870.8
12/2/2020 23:58:00	19204.6
12/3/2020 23:58:00	19465.1
12/4/2020 23:58:00	18739.5
12/5/2020 23:58:00	19135.9
12/6/2020 23:58:00	19348.4
12/7/2020 23:58:00	19202.1
12/8/2020 23:58:00	18319.7
12/9/2020 23:58:00	18559.9
12/10/2020 23:58:00	18279
12/11/2020 23:58:00	18056.7
12/12/2020 23:58:00	18811.5
12/13/2020 23:58:00	19168.5
12/14/2020 23:58:00	19272.3
12/15/2020 23:58:00	19452.5
12/16/2020 23:58:00	21359.6
12/17/2020 23:58:00	22826.4
12/18/2020 23:58:00	23140.3
12/19/2020 23:58:00	23874.5
12/20/2020 23:58:00	23530
12/21/2020 23:58:00	22729.4
12/22/2020 23:58:00	23825.9
12/23/2020 23:58:00	23224.3
12/24/2020 23:58:00	23719.4
12/25/2020 23:58:00	24703.3
12/26/2020 23:58:00	26475.3
12/27/2020 23:58:00	26258.6
12/28/2020 23:58:00	27038
12/29/2020 23:58:00	27394.4
12/30/2020 23:58:00	28897.4
12/31/2020 23:58:00	28990
1/1/2021 23:58:00	29388.3
1/2/2021 23:58:00	32149.9
1/3/2021 23:58:00	33086.2
1/4/2021 23:58:00	32023.9
1/5/2021 23:58:00	34085.6
1/6/2021 23:58:00	36825
1/7/2021 23:58:00	39505.5
1/8/2021 23:58:00	40675.8
1/9/2021 23:58:00	40257.4
1/10/2021 23:58:00	38171.5
1/11/2021 23:58:00	35481.7
1/12/2021 23:58:00	34039
1/13/2021 23:58:00	37369
1/14/2021 23:58:00	39133.1
1/15/2021 23:58:00	36760
1/16/2021 23:58:00	36200.6
1/17/2021 23:58:00	35824.3
1/18/2021 23:58:00	36700
1/19/2021 23:58:00	35922.7
1/20/2021 23:58:00	35497.3
1/21/2021 23:58:00	30854.7
1/22/2021 23:58:00	32983.5
1/23/2021 23:58:00	32114.2
1/24/2021 23:58:00	32288.5
1/25/2021 23:58:00	32277.4
1/26/2021 23:58:00	32597.3
1/27/2021 23:58:00	30417.7
1/28/2021 23:58:00	33488.8
1/29/2021 23:58:00	34190.5
1/30/2021 23:58:00	34361.5
1/31/2021 23:58:00	33224.6
2/1/2021 23:58:00	33533.1
2/2/2021 23:58:00	35512.6
2/3/2021 23:58:00	37552.5
2/4/2021 23:58:00	37000.2
2/5/2021 23:58:00	38311.4
2/6/2021 23:58:00	39267.8
2/7/2021 23:58:00	38871.4
2/8/2021 23:58:00	46375.9
2/9/2021 23:58:00	46517.4
